Workbook

Sheet Cover
A1: Lesson Plan Analyzer — Test Case Document
A4: Project | B4: Lesson Plan Analyzer
A5: Module under test | B5: Web application (React frontend + Flask API)
A6: Document type | B6: System / functional test cases
A7: Total test cases | B7: 53
A8: Test environment | B8: localhost — frontend on :3000, backend on :5000, SQLite DB
A9: Browser | B9: Chromium-based (Chrome / Edge / Opera). Firefox secondary.
A10: Pre-requisites | B10: Backend running, frontend running, two registered users (e.g. teacher_a@…, teacher_b@…) for ownership tests
A11: Author | B11: QA — Vamsi
A12: Date | B12: 30 April 2026
A13: Document version | B13: 1.0
A15: Modules covered
A16: Authentication | B16: Register, Login, Logout, password show/hide
A17: Lesson plan upload | B17: PDF / DOCX / TXT extraction, validation, error handling
A18: Classification | B18: Bloom's level + Teaching strategy (deep-learning + fallback)
A19: Recommendations | B19: Severity-tagged suggestions, missing-section detection
A20: History | B20: Listing, filtering, opening, deleting
A21: Performance — single | B21: Single-record entry, ownership of linked plan
A22: Performance — bulk | B22: CSV import with strict and forgiving modes
A23: Analytics | B23: Overall + per-lesson aggregates and chart
A24: Cross-cutting | B24: Auth-required routes, network errors, expired token, responsive layout

Sheet Test Cases
A1: TC ID | B1: Module | C1: Test scenario | D1: Pre-conditions | E1: Test steps | F1: Test data | G1: Expected result | H1: Type | I1: Priority | J1: Status
A2: TC-01 | B2: Auth · Register | C2: Register a new teacher with valid details | D2: Backend up. Email not previously registered. | E2: 1. Open /register 2. Enter name, email, password (≥6 chars) 3. Click Create account | F2: name=Vamsi K; email=vamsi.test@school.edu; password=Pass1234 | G2: 201 from /api/auth/register. JWT stored. Redirected to /. Navbar shows the user's first name and avatar initials. | H2: Positive | I2: P0 | J2: Not run
A3: TC-02 | B3: Auth · Register | C3: Register with an email that already exists | D3: A user with the same email already exists in DB. | E3: 1. Open /register 2. Submit form with the duplicate email | F3: email=existing@school.edu | G3: 409 response. Inline alert: 'A user with this email already exists.' No JWT stored. | H3: Negative | I3: P1 | J3: Not run
A4: TC-03 | B4: Auth · Register | C4: Register with malformed email | D4: Backend up. | E4: 1. Open /register 2. Enter 'not-an-email' in the email field 3. Submit | F4: email=not-an-email | G4: HTML5 validation blocks submit OR backend returns 400 'Invalid email format'. | H4: Negative | I4: P2 | J4: Not run
A5: TC-04 | B5: Auth · Register | C5: Register with password shorter than 6 chars | D5: Backend up. | E5: 1. Open /register 2. Enter password '12345' 3. Submit | F5: password=12345 | G5: Browser blocks submit (minLength=6) or backend returns 400 'Password must be at least 6 characters'. | H5: Negative | I5: P2 | J5: Not run
A6: TC-05 | B6: Auth · Register | C6: Register with empty required fields | D6: Backend up. | E6: 1. Open /register 2. Leave name blank 3. Submit | F6: name='' | G6: Native required-field validation prevents submit; no API call made. | H6: Negative | I6: P2 | J6: Not run
A7: TC-06 | B7: Auth · Register | C7: Password show/hide toggle on Register | D7: On /register page. | E7: 1. Type a password 2. Click the eye icon 3. Click the slashed-eye icon | F7: password=Pass1234 | G7: Field type flips from password to text on first click (chars visible) and back to password on second click. Aria-label and tooltip update accordingly. | H7: Positive | I7: P1 | J7: Not run
A8: TC-07 | B8: Auth · Login | C8: Login with valid credentials | D8: A user exists in DB. | E8: 1. Open /login 2. Enter correct email and password 3. Click Sign in | F8: email=vamsi.test@school.edu; password=Pass1234 | G8: 200 from /api/auth/login. JWT stored, user object cached, redirected to /. | H8: Positive | I8: P0 | J8: Not run
A9: TC-08 | B9: Auth · Login | C9: Login with wrong password | D9: A user exists in DB. | E9: 1. Open /login 2. Enter correct email and a wrong password | F9: password=WrongPwd1 | G9: 401 response. Alert: 'Invalid email or password.' No JWT stored. | H9: Negative | I9: P1 | J9: Not run
A10: TC-09 | B10: Auth · Login | C10: Login with non-existent email | D10: Backend up. | E10: 1. Open /login 2. Enter an email not present in DB | F10: email=ghost@nowhere.com | G10: 401 response. Same alert 'Invalid email or password.' (no email-enumeration leak). | H10: Negative | I10: P1 | J10: Not run
A11: TC-10 | B11: Auth · Login | C11: Login when backend is down | D11: Stop the Flask server (Ctrl+C). | E11: 1. Open /login 2. Submit any valid-shaped credentials | F11: — | G11: Inline alert reads 'Cannot reach the backend...' (network-error branch), not the generic 'Login failed.' | H11: Negative | I11: P1 | J11: Not run
A12: TC-11 | B12: Auth · Login | C12: Password show/hide toggle on Login | D12: On /login page. | E12: 1. Type any password 2. Click eye icon to reveal 3. Click again to hide | F12: — | G12: Same toggle behavior as on Register; aria-pressed flips true/false. | H12: Positive | I12: P2 | J12: Not run
... A54: TC-53 | B54: Cross-cutting | C54: Responsive layout on narrow viewport | D54: Logged in. | E54: 1. Resize browser to 380 px 2. Visit /, /upload, /performance | F54: — | G54: Hero stacks; grids collapse to single column; nav remains usable; no horizontal scroll. | H54: Positive | I54: P2 | J54: Not run

Sheet Summary
A1: Test Run Summary
A3: By status
A4: Status | B4: Count | C4: % of total
A5: Not run | B5: =COUNTIF('Test Cases'!J:J,A5) -> 53 | C5: =IFERROR(B5/B9,0) -> 1
A6: Pass | B6: =COUNTIF('Test Cases'!J:J,A6) -> 0 | C6: =IFERROR(B6/B9,0) -> 0
A7: Fail | B7: =COUNTIF('Test Cases'!J:J,A7) -> 0 | C7: =IFERROR(B7/B9,0) -> 0
A8: Blocked | B8: =COUNTIF('Test Cases'!J:J,A8) -> 0 | C8: =IFERROR(B8/B9,0) -> 0
A9: Total | B9: =SUM(B5:B8) -> 53 | C9: =SUM(C5:C8) -> 1
A11: By priority
A12: Priority | B12: Count | C12: % of total
A13: P0 | B13: =COUNTIF('Test Cases'!I:I,A13) -> 13 | C13: =IFERROR(B13/B16,0) -> 0.24528302
A14: P1 | B14: =COUNTIF('Test Cases'!I:I,A14) -> 21 | C14: =IFERROR(B14/B16,0) -> 0.39622642
A15: P2 | B15: =COUNTIF('Test Cases'!I:I,A15) -> 19 | C15: =IFERROR(B15/B16,0) -> 0.35849057
A16: Total | B16: =SUM(B13:B15) -> 53 | C16: =SUM(C13:C15) -> 1
A18: By type
A19: Type | B19: Count | C19: % of total
A20: Positive | B20: =COUNTIF('Test Cases'!H:H,A20) -> 29 | C20: =IFERROR(B20/B23,0) -> 0.54716981
A21: Negative | B21: =COUNTIF('Test Cases'!H:H,A21) -> 22 | C21: =IFERROR(B21/B23,0) -> 0.41509434
A22: Edge | B22: =COUNTIF('Test Cases'!H:H,A22) -> 2 | C22: =IFERROR(B22/B23,0) -> 0.037735849
A23: Total | B23: =SUM(B20:B22) -> 53 | C23: =SUM(C20:C22) -> 1
